INSERT INTO CIUDAD (ID_CIUDAD,NOMBRE) VALUES (SQCIUDAD.NEXTVAL, 'BOGOTÁ');


INSERT INTO LOCALIDAD (ID_LOCALIDAD, NOMBRE) VALUES
(SQLOCALIDAD.NEXTVAL, 'Antonio Nariño');
INSERT INTO LOCALIDAD (ID_LOCALIDAD, NOMBRE) VALUES
(SQLOCALIDAD.NEXTVAL, 'Usaquen');
INSERT INTO LOCALIDAD (ID_LOCALIDAD, NOMBRE) VALUES
(SQLOCALIDAD.NEXTVAL, 'Chapinero');
INSERT INTO LOCALIDAD (ID_LOCALIDAD, NOMBRE) VALUES
(SQLOCALIDAD.NEXTVAL, 'Kennedy');
INSERT INTO LOCALIDAD (ID_LOCALIDAD, NOMBRE) VALUES
(SQLOCALIDAD.NEXTVAL, 'Los Mártires');
INSERT INTO LOCALIDAD (ID_LOCALIDAD, NOMBRE) VALUES
(SQLOCALIDAD.NEXTVAL, 'Ciudad Bolivar');


INSERT INTO BARRIO (ID_BARRIO,NOMBRE) VALUES
(SQBARRIO.NEXTVAL, 'Eduardo Santos');
INSERT INTO BARRIO (ID_BARRIO,NOMBRE) VALUES
(SQBARRIO.NEXTVAL, 'Estanzuela');
INSERT INTO BARRIO (ID_BARRIO,NOMBRE) VALUES
(SQBARRIO.NEXTVAL, 'Santa Bárbara');
INSERT INTO BARRIO (ID_BARRIO,NOMBRE) VALUES
(SQBARRIO.NEXTVAL, 'Olaya');
INSERT INTO BARRIO (ID_BARRIO,NOMBRE) VALUES
(SQBARRIO.NEXTVAL, 'La Carolina');
INSERT INTO BARRIO (ID_BARRIO,NOMBRE) VALUES
(SQBARRIO.NEXTVAL, 'Rosales');

INSERT INTO DIRECCION(ID_DIRECCION, ID_CIUDAD,ID_BARRIO,ID_LOCALIDAD,NUMERO,CALLE) VALUES
(SQDIRECCION.NEXTVAL, 1,1,1,'18c-44','1');
INSERT INTO DIRECCION(ID_DIRECCION, ID_CIUDAD,ID_BARRIO,ID_LOCALIDAD,NUMERO,CALLE) VALUES
(SQDIRECCION.NEXTVAL, 1,2,5,'15-99','8');
INSERT INTO DIRECCION(ID_DIRECCION, ID_CIUDAD,ID_BARRIO,ID_LOCALIDAD,NUMERO,CALLE) VALUES
(SQDIRECCION.NEXTVAL, 1,4,3,'22b-10','20');
INSERT INTO DIRECCION(ID_DIRECCION, ID_CIUDAD,ID_BARRIO,ID_LOCALIDAD,NUMERO,CALLE) VALUES
(SQDIRECCION.NEXTVAL, 1, 3, 2, '10-5', '5A');
INSERT INTO DIRECCION(ID_DIRECCION, ID_CIUDAD,ID_BARRIO,ID_LOCALIDAD,NUMERO,CALLE) VALUES
(SQDIRECCION.NEXTVAL, 1, 2, 4, '25-8', '12');
INSERT INTO DIRECCION(ID_DIRECCION, ID_CIUDAD,ID_BARRIO,ID_LOCALIDAD,NUMERO,CALLE) VALUES
(SQDIRECCION.NEXTVAL, 1, 4, 1, '5-20', '9');
INSERT INTO DIRECCION(ID_DIRECCION, ID_CIUDAD,ID_BARRIO,ID_LOCALIDAD,NUMERO,CALLE) VALUES
(SQDIRECCION.NEXTVAL, 1, 3, 5, '30-12', '6');
INSERT INTO DIRECCION(ID_DIRECCION, ID_CIUDAD,ID_BARRIO,ID_LOCALIDAD,NUMERO,CALLE) VALUES
(SQDIRECCION.NEXTVAL, 1, 6, 3, '16-10', '4B');
INSERT INTO DIRECCION(ID_DIRECCION, ID_CIUDAD,ID_BARRIO,ID_LOCALIDAD,NUMERO,CALLE) VALUES
(SQDIRECCION.NEXTVAL, 1, 2, 5, '20-15', '9A');
INSERT INTO DIRECCION(ID_DIRECCION, ID_CIUDAD,ID_BARRIO,ID_LOCALIDAD,NUMERO,CALLE) VALUES
(SQDIRECCION.NEXTVAL, 1, 4, 2, '8-5', '7C');
INSERT INTO DIRECCION(ID_DIRECCION, ID_CIUDAD,ID_BARRIO,ID_LOCALIDAD,NUMERO,CALLE) VALUES
(SQDIRECCION.NEXTVAL, 1, 3, 4, '14-20', '3');
INSERT INTO DIRECCION(ID_DIRECCION, ID_CIUDAD,ID_BARRIO,ID_LOCALIDAD,NUMERO,CALLE) VALUES
(SQDIRECCION.NEXTVAL, 1, 1, 1, '6-12', '2A');
INSERT INTO DIRECCION(ID_DIRECCION, ID_CIUDAD,ID_BARRIO,ID_LOCALIDAD,NUMERO,CALLE) VALUES
(SQDIRECCION.NEXTVAL, 1, 6, 5, '18-7', '6B');
INSERT INTO DIRECCION(ID_DIRECCION, ID_CIUDAD,ID_BARRIO,ID_LOCALIDAD,NUMERO,CALLE) VALUES
(SQDIRECCION.NEXTVAL, 1, 3, 1, '10-8', '5');
INSERT INTO DIRECCION(ID_DIRECCION, ID_CIUDAD,ID_BARRIO,ID_LOCALIDAD,NUMERO,CALLE) VALUES
(SQDIRECCION.NEXTVAL, 1, 5, 3, '22-18', '11A');
INSERT INTO DIRECCION(ID_DIRECCION, ID_CIUDAD,ID_BARRIO,ID_LOCALIDAD,NUMERO,CALLE) VALUES
(SQDIRECCION.NEXTVAL, 1, 1, 6, '12-14', '6');
INSERT INTO DIRECCION(ID_DIRECCION, ID_CIUDAD,ID_BARRIO,ID_LOCALIDAD,NUMERO,CALLE) VALUES
(SQDIRECCION.NEXTVAL, 1, 4, 4, '30-5', '8B');
INSERT INTO DIRECCION(ID_DIRECCION, ID_CIUDAD,ID_BARRIO,ID_LOCALIDAD,NUMERO,CALLE) VALUES
(SQDIRECCION.NEXTVAL, 1, 2, 1, '26-10', '7');
INSERT INTO DIRECCION(ID_DIRECCION, ID_CIUDAD,ID_BARRIO,ID_LOCALIDAD,NUMERO,CALLE) VALUES
(SQDIRECCION.NEXTVAL, 1, 3, 2, '15h-18', '9');
INSERT INTO DIRECCION(ID_DIRECCION, ID_CIUDAD,ID_BARRIO,ID_LOCALIDAD,NUMERO,CALLE) VALUES
(SQDIRECCION.NEXTVAL, 1, 1, 4, '11-5', '12');
INSERT INTO DIRECCION(ID_DIRECCION, ID_CIUDAD,ID_BARRIO,ID_LOCALIDAD,NUMERO,CALLE) VALUES
(SQDIRECCION.NEXTVAL, 1, 4, 3, '9-20', '10A');
INSERT INTO DIRECCION(ID_DIRECCION, ID_CIUDAD,ID_BARRIO,ID_LOCALIDAD,NUMERO,CALLE) VALUES
(SQDIRECCION.NEXTVAL, 1, 3, 5, '17c-7', '5B');
INSERT INTO DIRECCION(ID_DIRECCION, ID_CIUDAD,ID_BARRIO,ID_LOCALIDAD,NUMERO,CALLE) VALUES
(SQDIRECCION.NEXTVAL, 1, 2, 3, '14-12', '3');
INSERT INTO DIRECCION(ID_DIRECCION, ID_CIUDAD,ID_BARRIO,ID_LOCALIDAD,NUMERO,CALLE) VALUES
(SQDIRECCION.NEXTVAL, 1, 4, 5, '28-7', '6B');
INSERT INTO DIRECCION(ID_DIRECCION, ID_CIUDAD,ID_BARRIO,ID_LOCALIDAD,NUMERO,CALLE) VALUES
(SQDIRECCION.NEXTVAL, 1, 1, 1, '7-8', '2');
INSERT INTO DIRECCION(ID_DIRECCION, ID_CIUDAD,ID_BARRIO,ID_LOCALIDAD,NUMERO,CALLE) VALUES
(SQDIRECCION.NEXTVAL, 1, 3, 4, '21e-5', '8A');
INSERT INTO DIRECCION(ID_DIRECCION, ID_CIUDAD,ID_BARRIO,ID_LOCALIDAD,NUMERO,CALLE) VALUES
(SQDIRECCION.NEXTVAL, 1, 2, 1, '13-8', '4');

INSERT INTO PROVEEDOR (RUT_PROVEEDOR, NOMBRE, PAGINA_WEB, ID_DIRECCION) VALUES
('543210987-6', 'Proveedor 6', 'www.proveedor6.com', 14);
INSERT INTO PROVEEDOR (RUT_PROVEEDOR, NOMBRE, PAGINA_WEB, ID_DIRECCION) VALUES
('124456789-1', 'Proveedor 1', 'www.proveedor1.com', 1);
INSERT INTO PROVEEDOR (RUT_PROVEEDOR, NOMBRE, PAGINA_WEB, ID_DIRECCION) VALUES
('987656321-2', 'Proveedor 2', 'www.proveedor2.com', 3);
INSERT INTO PROVEEDOR (RUT_PROVEEDOR, NOMBRE, PAGINA_WEB, ID_DIRECCION) VALUES
('678906734-7', 'Proveedor 7', 'www.proveedor7.com', 5);
INSERT INTO PROVEEDOR (RUT_PROVEEDOR, NOMBRE, PAGINA_WEB, ID_DIRECCION) VALUES
('321918765-5', 'Proveedor 5', 'www.proveedor5.com', 12);
INSERT INTO PROVEEDOR (RUT_PROVEEDOR, NOMBRE, PAGINA_WEB, ID_DIRECCION) VALUES
('890453456-8', 'Proveedor 8', 'www.proveedor8.com', 2);
INSERT INTO PROVEEDOR (RUT_PROVEEDOR, NOMBRE, PAGINA_WEB, ID_DIRECCION) VALUES
('224987854-9', 'Proveedor 9', 'www.proveedor9.com', 10);
INSERT INTO PROVEEDOR (RUT_PROVEEDOR, NOMBRE, PAGINA_WEB, ID_DIRECCION) VALUES
('729012455-6', 'Proveedor 16', 'www.proveedor16.com', 13);

INSERT INTO CLIENTE (RUT_CLIENTE, NOMBRE1, NOMBRE2, APELLIDO1, APELLIDO2, ID_DIRECCION) VALUES
('765452109-5', 'Laura', 'Alejandra', 'López', 'Vega', 11);
INSERT INTO CLIENTE (RUT_CLIENTE, NOMBRE1, NOMBRE2, APELLIDO1, APELLIDO2, ID_DIRECCION) VALUES
('654323131-4', 'María', 'Fernanda', 'Vargas', 'Torres', 6);
INSERT INTO CLIENTE (RUT_CLIENTE, NOMBRE1, NOMBRE2, APELLIDO1, APELLIDO2, ID_DIRECCION) VALUES
('876123210-3', 'Carolina', 'Isabel', 'Rodríguez', 'Mendoza', 8);
INSERT INTO CLIENTE (RUT_CLIENTE, NOMBRE1, NOMBRE2, APELLIDO1, APELLIDO2, ID_DIRECCION) VALUES
('234567890-8', 'Pedro', NULL, 'González', 'Ramírez', 7);
INSERT INTO CLIENTE (RUT_CLIENTE, NOMBRE1, NOMBRE2, APELLIDO1, APELLIDO2, ID_DIRECCION) VALUES
('148849542-4', 'Andrés', NULL, 'Hernández', 'Silva', 9);
INSERT INTO CLIENTE (RUT_CLIENTE, NOMBRE1, NOMBRE2, APELLIDO1, APELLIDO2, ID_DIRECCION) VALUES
('433165123-0', 'Juan', 'Pablo', 'Gómez', 'López', 4);
INSERT INTO CLIENTE (RUT_CLIENTE, NOMBRE1, NOMBRE2, APELLIDO1, APELLIDO2, ID_DIRECCION) VALUES
('481269877-6', 'Manuel', 'José', 'Pérez', 'García', 15);

INSERT INTO FERRETERIA (ID_FERRETERIA, NOMBRE_FERRETERIA, ID_DIRECCION) VALUES
('852327111-1','FERRETERIA 1',8);
INSERT INTO FERRETERIA (ID_FERRETERIA, NOMBRE_FERRETERIA, ID_DIRECCION) VALUES
('174611528-8','FERRETERIA 2',16);
INSERT INTO FERRETERIA (ID_FERRETERIA, NOMBRE_FERRETERIA, ID_DIRECCION) VALUES
('518725775-3','FERRETERIA 3',26);

INSERT INTO EMPLEADO (RUT_EMPLEADO, SUELDO, NOMBRE1, NOMBRE2, APELLIDO1, APELLIDO2, ID_DIRECCION, ID_FERRETERIA) VALUES
('545174864-1', 1100000, 'Juan', 'Pablo', 'Gómez', 'López', 3, '174611528-8');
INSERT INTO EMPLEADO (RUT_EMPLEADO, SUELDO, NOMBRE1, NOMBRE2, APELLIDO1, APELLIDO2, ID_DIRECCION, ID_FERRETERIA) VALUES
('156542321-0', 1000000, 'María', 'Isabel', 'Rodríguez', 'García', 4, '174611528-8');
INSERT INTO EMPLEADO (RUT_EMPLEADO, SUELDO, NOMBRE1, NOMBRE2, APELLIDO1, APELLIDO2, ID_DIRECCION, ID_FERRETERIA) VALUES
('454652145-2', 1200000, 'Pedro', 'Antonio', 'Martínez', 'Gómez', 15, '852327111-1');
INSERT INTO EMPLEADO (RUT_EMPLEADO, SUELDO, NOMBRE1, NOMBRE2, APELLIDO1, APELLIDO2, ID_DIRECCION, ID_FERRETERIA) VALUES
('789455235-3', 1700000, 'Ana', 'Lucía', 'Hernández', 'Sánchez', 16, '518725775-3');
INSERT INTO EMPLEADO (RUT_EMPLEADO, SUELDO, NOMBRE1, NOMBRE2, APELLIDO1, APELLIDO2, ID_DIRECCION, ID_FERRETERIA) VALUES
('785123584-4', 1100000, 'Carlos', 'Alberto', 'López', 'Ríos', 6, '174611528-8');
INSERT INTO EMPLEADO (RUT_EMPLEADO, SUELDO, NOMBRE1, NOMBRE2, APELLIDO1, APELLIDO2, ID_DIRECCION, ID_FERRETERIA) VALUES
('954812352-5', 1900000, 'Laura', 'Valentina', 'García', 'Torres', 7, '852327111-1');
INSERT INTO EMPLEADO (RUT_EMPLEADO, SUELDO, NOMBRE1, NOMBRE2, APELLIDO1, APELLIDO2, ID_DIRECCION, ID_FERRETERIA) VALUES
('485615654-6', 1750000, 'Andrés', 'Felipe', 'Flores', 'Mendoza', 9, '518725775-3');

INSERT INTO TELEFONO_PROVEEDOR (RUT_PROVEEDOR, NUMERO) VALUES
('543210987-6', '3123456789');
INSERT INTO TELEFONO_PROVEEDOR (RUT_PROVEEDOR, NUMERO) VALUES
('124456789-1', '3134567890');
INSERT INTO TELEFONO_PROVEEDOR (RUT_PROVEEDOR, NUMERO) VALUES
('987656321-2', '3145678901');
INSERT INTO TELEFONO_PROVEEDOR (RUT_PROVEEDOR, NUMERO) VALUES
('678906734-7', '3156789012');
INSERT INTO TELEFONO_PROVEEDOR (RUT_PROVEEDOR, NUMERO) VALUES
('321918765-5', '3167890123');
INSERT INTO TELEFONO_PROVEEDOR (RUT_PROVEEDOR, NUMERO) VALUES
('890453456-8', '3178901234');
INSERT INTO TELEFONO_PROVEEDOR (RUT_PROVEEDOR, NUMERO) VALUES
('224987854-9', '3189012345');
INSERT INTO TELEFONO_PROVEEDOR (RUT_PROVEEDOR, NUMERO) VALUES
('729012455-6', '3190123456');

INSERT INTO TELEFONO_CLIENTE (RUT_CLIENTE, NUMERO) VALUES
('765452109-5', '3201234567');
INSERT INTO TELEFONO_CLIENTE (RUT_CLIENTE, NUMERO) VALUES
('654323131-4', '3212345678');
INSERT INTO TELEFONO_CLIENTE (RUT_CLIENTE, NUMERO) VALUES
('876123210-3', '3223456789');
INSERT INTO TELEFONO_CLIENTE (RUT_CLIENTE, NUMERO) VALUES
('234567890-8', '3234567890');
INSERT INTO TELEFONO_CLIENTE (RUT_CLIENTE, NUMERO) VALUES
('148849542-4', '3245678901');
INSERT INTO TELEFONO_CLIENTE (RUT_CLIENTE, NUMERO) VALUES
('433165123-0', '3256789012');
INSERT INTO TELEFONO_CLIENTE (RUT_CLIENTE, NUMERO) VALUES
('481269877-6', '3267890123');

INSERT INTO TELEFONO_EMPLEADO (RUT_EMPLEADO, NUMERO) VALUES
('545174864-1', '3278901234');
INSERT INTO TELEFONO_EMPLEADO (RUT_EMPLEADO, NUMERO) VALUES
('156542321-0', '3289012345');
INSERT INTO TELEFONO_EMPLEADO (RUT_EMPLEADO, NUMERO) VALUES
('454652145-2', '3290123456');
INSERT INTO TELEFONO_EMPLEADO (RUT_EMPLEADO, NUMERO) VALUES
('789455235-3', '3301234567');
INSERT INTO TELEFONO_EMPLEADO (RUT_EMPLEADO, NUMERO) VALUES
('785123584-4', '3312345678');
INSERT INTO TELEFONO_EMPLEADO (RUT_EMPLEADO, NUMERO) VALUES
('954812352-5', '3323456789');
INSERT INTO TELEFONO_EMPLEADO (RUT_EMPLEADO, NUMERO) VALUES
('485615654-6', '3334567890');

INSERT INTO CATEGORIA (ID_CATEGORIA, DENOMINACION) VALUES
(SQCATEGORIA.NEXTVAL,'Herramientas');
INSERT INTO CATEGORIA (ID_CATEGORIA, DENOMINACION) VALUES
(SQCATEGORIA.NEXTVAL,'Gasodomesticos');
INSERT INTO CATEGORIA (ID_CATEGORIA, DENOMINACION) VALUES
(SQCATEGORIA.NEXTVAL,'Electrodomestico');
INSERT INTO CATEGORIA (ID_CATEGORIA, DENOMINACION) VALUES
(SQCATEGORIA.NEXTVAL,'Pinturas');
INSERT INTO CATEGORIA (ID_CATEGORIA, DENOMINACION) VALUES
(SQCATEGORIA.NEXTVAL,'Pisos y paredes');
INSERT INTO CATEGORIA (ID_CATEGORIA, DENOMINACION) VALUES
(SQCATEGORIA.NEXTVAL,'Cementos concretos y Morteros');
INSERT INTO CATEGORIA (ID_CATEGORIA, DENOMINACION) VALUES
(SQCATEGORIA.NEXTVAL,'Tuberias y Accesorios PVC');

INSERT INTO PRODUCTO (ID_PRODUCTO, NOMBRE, PRECIO_COMPRA, PRECIO_VENTA, IVA, RUT_PROVEEDOR, ID_CATEGORIA) VALUES
('872563910234','Taladro eléctrico', 50000, 75000, 19, '543210987-6', 1);
INSERT INTO PRODUCTO (ID_PRODUCTO, NOMBRE, PRECIO_COMPRA, PRECIO_VENTA, IVA, RUT_PROVEEDOR, ID_CATEGORIA) VALUES
('956781234567','Licuadora', 30000, 45000, 19, '124456789-1', 3);
INSERT INTO PRODUCTO (ID_PRODUCTO, NOMBRE, PRECIO_COMPRA, PRECIO_VENTA, IVA, RUT_PROVEEDOR, ID_CATEGORIA) VALUES
('345671239058','Pintura acrílica', 15000, 25000, 19, '987656321-2', 4);
INSERT INTO PRODUCTO (ID_PRODUCTO, NOMBRE, PRECIO_COMPRA, PRECIO_VENTA, IVA, RUT_PROVEEDOR, ID_CATEGORIA) VALUES
('789012345612','Lámpara LED', 20000, 30000, 19, '678906734-7', 3);
INSERT INTO PRODUCTO (ID_PRODUCTO, NOMBRE, PRECIO_COMPRA, PRECIO_VENTA, IVA, RUT_PROVEEDOR, ID_CATEGORIA) VALUES
('456782134501','Destornillador', 10000, 15000, 19, '321918765-5', 1);
INSERT INTO PRODUCTO (ID_PRODUCTO, NOMBRE, PRECIO_COMPRA, PRECIO_VENTA, IVA, RUT_PROVEEDOR, ID_CATEGORIA) VALUES
('123456789012','Cemento Portland', 8000, 12000, 19, '890453456-8', 6);
INSERT INTO PRODUCTO (ID_PRODUCTO, NOMBRE, PRECIO_COMPRA, PRECIO_VENTA, IVA, RUT_PROVEEDOR, ID_CATEGORIA) VALUES
('890123450128','Estufa a gas', 100000, 150000, 19, '224987854-9', 2);
INSERT INTO PRODUCTO (ID_PRODUCTO, NOMBRE, PRECIO_COMPRA, PRECIO_VENTA, IVA, RUT_PROVEEDOR, ID_CATEGORIA) VALUES
('567812345609','Grifo de baño', 5000, 8000, 19, '729012455-6', 7);
INSERT INTO PRODUCTO (ID_PRODUCTO, NOMBRE, PRECIO_COMPRA, PRECIO_VENTA, IVA, RUT_PROVEEDOR, ID_CATEGORIA) VALUES
('234567123450','Sierra circular', 70000, 100000, 19, '543210987-6', 1);
INSERT INTO PRODUCTO (ID_PRODUCTO, NOMBRE, PRECIO_COMPRA, PRECIO_VENTA, IVA, RUT_PROVEEDOR, ID_CATEGORIA) VALUES
('901234561287','Horno eléctrico', 60000, 90000, 19, '124456789-1', 3);
INSERT INTO PRODUCTO (ID_PRODUCTO, NOMBRE, PRECIO_COMPRA, PRECIO_VENTA, IVA, RUT_PROVEEDOR, ID_CATEGORIA) VALUES
('678213450192','Pintura en spray', 12000, 20000, 19, '987656321-2', 4);
INSERT INTO PRODUCTO (ID_PRODUCTO, NOMBRE, PRECIO_COMPRA, PRECIO_VENTA, IVA, RUT_PROVEEDOR, ID_CATEGORIA) VALUES
('345678901234','Foco LED', 5000, 8000, 19, '678906734-7', 3);
INSERT INTO PRODUCTO (ID_PRODUCTO, NOMBRE, PRECIO_COMPRA, PRECIO_VENTA, IVA, RUT_PROVEEDOR, ID_CATEGORIA) VALUES
('012345612387','Martillo', 8000, 12000, 19, '321918765-5', 1);
INSERT INTO PRODUCTO (ID_PRODUCTO, NOMBRE, PRECIO_COMPRA, PRECIO_VENTA, IVA, RUT_PROVEEDOR, ID_CATEGORIA) VALUES
('789012345678','Ladrillo cerámico', 500, 800, 19, '890453456-8', 5);
INSERT INTO PRODUCTO (ID_PRODUCTO, NOMBRE, PRECIO_COMPRA, PRECIO_VENTA, IVA, RUT_PROVEEDOR, ID_CATEGORIA) VALUES
('456123789012','Tubería de PVC', 2000, 3000, 19, '224987854-9', 7);

INSERT INTO ESTADO (ID_ESTADO,DENOMINACION) VALUES (1,'PENDIENTE');
INSERT INTO ESTADO (ID_ESTADO,DENOMINACION) VALUES (2,'ENTREGADO');

INSERT INTO SOLICITUD (ID_SOLICITUD, FECHA_PEDIDO, FECHA_ESPERADA, ID_FERRETERIA, ID_ESTADO, RUT_PROVEEDOR)
VALUES (SQSOLICITUD.NEXTVAL, '18-05-23 10:00:00', '17-05-23 14:00:00', '852327111-1', 1, '543210987-6');

INSERT INTO SOLICITUD (ID_SOLICITUD, FECHA_PEDIDO, FECHA_ESPERADA, ID_FERRETERIA, ID_ESTADO, RUT_PROVEEDOR)
VALUES (SQSOLICITUD.NEXTVAL, '19-05-23 09:30:00', '22-05-23 12:00:00', '174611528-8', 1, '124456789-1');

INSERT INTO SOLICITUD (ID_SOLICITUD, FECHA_PEDIDO, FECHA_ESPERADA, ID_FERRETERIA, ID_ESTADO, RUT_PROVEEDOR)
VALUES (SQSOLICITUD.NEXTVAL, '20-04-23 11:45:00', '30-04-23 16:30:00', '518725775-3', 1, '987656321-2');

INSERT INTO SOLICITUD (ID_SOLICITUD, FECHA_PEDIDO, FECHA_ESPERADA, FECHA_ENTREGA, CALIFICACION, ID_FERRETERIA, ID_ESTADO, RUT_PROVEEDOR)
VALUES (SQSOLICITUD.NEXTVAL, '21-02-23 08:00:00', '25-02-23 10:00:00', '24-02-23 09:30:00', 9, '518725775-3', 2, '678906734-7');

INSERT INTO SOLICITUD (ID_SOLICITUD, FECHA_PEDIDO, FECHA_ESPERADA, FECHA_ENTREGA, CALIFICACION, ID_FERRETERIA, ID_ESTADO, RUT_PROVEEDOR)
VALUES (SQSOLICITUD.NEXTVAL, '22-01-23 14:30:00', '27-01-23 17:00:00', '26-01-23 16:45:00', 8, '852327111-1', 2, '321918765-5');

INSERT INTO SOLICITUD (ID_SOLICITUD, FECHA_PEDIDO, FECHA_ESPERADA, FECHA_ENTREGA, CALIFICACION, ID_FERRETERIA, ID_ESTADO, RUT_PROVEEDOR)
VALUES (SQSOLICITUD.NEXTVAL, '23-01-23 12:15:00', '28-02-23 15:30:00', '27-02-23 14:20:00', 7, '174611528-8', 2, '890453456-8');

INSERT INTO SOLICITUD (ID_SOLICITUD, FECHA_PEDIDO, FECHA_ESPERADA, ID_FERRETERIA, ID_ESTADO, RUT_PROVEEDOR)
VALUES (SQSOLICITUD.NEXTVAL, '26-01-23 13:30:00', '28-02-23 16:00:00', '518725775-3', 1, '987656321-2');

INSERT INTO SOLICITUD (ID_SOLICITUD, FECHA_PEDIDO, FECHA_ESPERADA, FECHA_ENTREGA, CALIFICACION, ID_FERRETERIA, ID_ESTADO, RUT_PROVEEDOR)
VALUES (SQSOLICITUD.NEXTVAL, '24-02-23 10:15:00', '01-03-23 13:30:00', '28-02-23 12:45:00', 7, '852327111-1', 2, '543210987-6');

INSERT INTO PRODUCTOS_SOLICITUD (ID_PRODUCTO, ID_SOLICITUD, CANTIDAD, MONTO_TOTAL) VALUES
('872563910234', 1, 2, 100000); -- Taladro eléctrico
INSERT INTO PRODUCTOS_SOLICITUD (ID_PRODUCTO, ID_SOLICITUD, CANTIDAD, MONTO_TOTAL) VALUES
('234567123450', 1, 3, 210000); -- Sierra Circular

INSERT INTO PRODUCTOS_SOLICITUD (ID_PRODUCTO, ID_SOLICITUD, CANTIDAD, MONTO_TOTAL) VALUES
('956781234567', 2, 1, 50000); -- Licuadora
INSERT INTO PRODUCTOS_SOLICITUD (ID_PRODUCTO, ID_SOLICITUD, CANTIDAD, MONTO_TOTAL) VALUES
('901234561287', 2, 4, 240000); -- Horno Electrico

INSERT INTO PRODUCTOS_SOLICITUD (ID_PRODUCTO, ID_SOLICITUD, CANTIDAD, MONTO_TOTAL) VALUES 
('345671239058', 3, 5, 75000); -- Pintura Acrilica

INSERT INTO PRODUCTOS_SOLICITUD (ID_PRODUCTO, ID_SOLICITUD, CANTIDAD, MONTO_TOTAL) VALUES
('789012345612', 4, 2, 40000); -- Lampara LED
INSERT INTO PRODUCTOS_SOLICITUD (ID_PRODUCTO, ID_SOLICITUD, CANTIDAD, MONTO_TOTAL) VALUES
('345678901234', 4, 4, 20000); -- Foco LED

INSERT INTO PRODUCTOS_SOLICITUD (ID_PRODUCTO, ID_SOLICITUD, CANTIDAD, MONTO_TOTAL) VALUES
('456782134501', 5, 3, 30000); -- Destornillador

INSERT INTO PRODUCTOS_SOLICITUD (ID_PRODUCTO, ID_SOLICITUD, CANTIDAD, MONTO_TOTAL) VALUES
('123456789012', 6, 4, 32000); -- Cemento Portland

INSERT INTO PRODUCTOS_SOLICITUD (ID_PRODUCTO, ID_SOLICITUD, CANTIDAD, MONTO_TOTAL) VALUES
('678213450192', 7, 2, 24000); -- Pintura en Spray
INSERT INTO PRODUCTOS_SOLICITUD (ID_PRODUCTO, ID_SOLICITUD, CANTIDAD, MONTO_TOTAL) VALUES
('345671239058',  7, 3, 45000); -- Pintura acrilica

INSERT INTO PRODUCTOS_SOLICITUD (ID_PRODUCTO, ID_SOLICITUD, CANTIDAD, MONTO_TOTAL) VALUES
('872563910234', 8, 5, 250000); -- Taladro eléctrico


INSERT INTO FORMA_PAGO (ID_FORMA_PAGO,DENOMINACION) VALUES
(1,'Efectivo');
INSERT INTO FORMA_PAGO (ID_FORMA_PAGO,DENOMINACION) VALUES
(2,'Tarjeta Debito');
INSERT INTO FORMA_PAGO (ID_FORMA_PAGO,DENOMINACION) VALUES
(3,'Tarjeta Credito');

INSERT INTO DETALLES_FACTURA (ID_FACTURA, DESCUENTO, FECHA, ID_FERRETERIA, RUT_CLIENTE, RUT_EMPLEADO, ID_FORMA_PAGO) VALUES
(SQFACTURA.NEXTVAL, 10, '25-04-23','174611528-8', '765452109-5', '545174864-1', 1);
INSERT INTO DETALLES_FACTURA (ID_FACTURA, DESCUENTO, FECHA, ID_FERRETERIA, RUT_CLIENTE, RUT_EMPLEADO, ID_FORMA_PAGO) VALUES
(SQFACTURA.NEXTVAL, 0, '12-03-23','174611528-8', '654323131-4', '156542321-0', 2);
INSERT INTO DETALLES_FACTURA (ID_FACTURA, DESCUENTO, FECHA, ID_FERRETERIA, RUT_CLIENTE, RUT_EMPLEADO, ID_FORMA_PAGO) VALUES
(SQFACTURA.NEXTVAL, 5, '07-03-23','852327111-1', '148849542-4', '545174864-1', 3);
INSERT INTO DETALLES_FACTURA (ID_FACTURA, DESCUENTO, FECHA, ID_FERRETERIA, RUT_CLIENTE, RUT_EMPLEADO, ID_FORMA_PAGO) VALUES
(SQFACTURA.NEXTVAL, 0, '21-03-23','518725775-3', '234567890-8', '789455235-3', 1);
INSERT INTO DETALLES_FACTURA (ID_FACTURA, DESCUENTO, FECHA, ID_FERRETERIA, RUT_CLIENTE, RUT_EMPLEADO, ID_FORMA_PAGO) VALUES
(SQFACTURA.NEXTVAL, 15, '10-04-23','174611528-8', '148849542-4', '785123584-4', 2);
INSERT INTO DETALLES_FACTURA (ID_FACTURA, DESCUENTO, FECHA, ID_FERRETERIA, RUT_CLIENTE, RUT_EMPLEADO, ID_FORMA_PAGO) VALUES
(SQFACTURA.NEXTVAL, 0, '28-04-23','852327111-1', '148849542-4', '954812352-5', 3);
INSERT INTO DETALLES_FACTURA (ID_FACTURA, DESCUENTO, FECHA, ID_FERRETERIA, RUT_CLIENTE, RUT_EMPLEADO, ID_FORMA_PAGO) VALUES
(SQFACTURA.NEXTVAL, 10, '06-03-23','518725775-3', '481269877-6', '485615654-6', 1);

INSERT INTO ITEMS_FACTURA (ID_PRODUCTO, ID_FACTURA, CANTIDAD, IVA, PRECIO_VENTA, MONTO_TOTAL) VALUES
('872563910234', 1, 2, 19, 75000, 150000);
INSERT INTO ITEMS_FACTURA (ID_PRODUCTO, ID_FACTURA, CANTIDAD, IVA, PRECIO_VENTA, MONTO_TOTAL) VALUES
('345671239058', 1, 3, 19, 25000, 75000);
INSERT INTO ITEMS_FACTURA (ID_PRODUCTO, ID_FACTURA, CANTIDAD, IVA, PRECIO_VENTA, MONTO_TOTAL) VALUES
('456123789012', 2, 1, 19, 45000, 45000);
INSERT INTO ITEMS_FACTURA (ID_PRODUCTO, ID_FACTURA, CANTIDAD, IVA, PRECIO_VENTA, MONTO_TOTAL) VALUES
('789012345612', 3, 2, 19, 30000, 60000);
INSERT INTO ITEMS_FACTURA (ID_PRODUCTO, ID_FACTURA, CANTIDAD, IVA, PRECIO_VENTA, MONTO_TOTAL) VALUES
('456782134501', 3, 2, 19, 15000, 75000);
INSERT INTO ITEMS_FACTURA (ID_PRODUCTO, ID_FACTURA, CANTIDAD, IVA, PRECIO_VENTA, MONTO_TOTAL) VALUES
('567812345609', 4, 4, 19, 8000, 32000);
INSERT INTO ITEMS_FACTURA (ID_PRODUCTO, ID_FACTURA, CANTIDAD, IVA, PRECIO_VENTA, MONTO_TOTAL) VALUES
('890123450128', 4, 1, 19, 150000, 150000);
INSERT INTO ITEMS_FACTURA (ID_PRODUCTO, ID_FACTURA, CANTIDAD, IVA, PRECIO_VENTA, MONTO_TOTAL) VALUES
('901234561287', 5, 2, 19, 90000, 180000);
INSERT INTO ITEMS_FACTURA (ID_PRODUCTO, ID_FACTURA, CANTIDAD, IVA, PRECIO_VENTA, MONTO_TOTAL) VALUES
('345671239058', 5, 3, 19, 20000, 60000);
INSERT INTO ITEMS_FACTURA (ID_PRODUCTO, ID_FACTURA, CANTIDAD, IVA, PRECIO_VENTA, MONTO_TOTAL) VALUES
('890123450128', 6, 2, 19, 12000, 24000);
INSERT INTO ITEMS_FACTURA (ID_PRODUCTO, ID_FACTURA, CANTIDAD, IVA, PRECIO_VENTA, MONTO_TOTAL) VALUES
('789012345678', 6, 50, 19, 800, 40000);
INSERT INTO ITEMS_FACTURA (ID_PRODUCTO, ID_FACTURA, CANTIDAD, IVA, PRECIO_VENTA, MONTO_TOTAL) VALUES
('872563910234', 7, 10, 19, 3000, 30000);

